"","state","date","stayathome","Start.Date","End.Date"
"1","Alabama",2020-03-04,0,"2020-04-04","2020-04-30"
"2","Alabama",2020-03-11,0,"2020-04-04","2020-04-30"
"3","Alabama",2020-03-18,0,"2020-04-04","2020-04-30"
"4","Alabama",2020-03-25,0,"2020-04-04","2020-04-30"
"5","Alabama",2020-04-01,1,"2020-04-04","2020-04-30"
"6","Alabama",2020-04-08,1,"2020-04-04","2020-04-30"
"7","Alabama",2020-04-15,1,"2020-04-04","2020-04-30"
"8","Alabama",2020-04-22,1,"2020-04-04","2020-04-30"
"9","Alabama",2020-04-29,0,"2020-04-04","2020-04-30"
"10","Alabama",2020-05-06,0,"2020-04-04","2020-04-30"
"11","Alabama",2020-05-13,0,"2020-04-04","2020-04-30"
"12","Alabama",2020-05-20,0,"2020-04-04","2020-04-30"
"13","Alabama",2020-05-27,0,"2020-04-04","2020-04-30"
"14","Alabama",2020-06-03,0,"2020-04-04","2020-04-30"
"15","Alabama",2020-06-10,0,"2020-04-04","2020-04-30"
"16","Alabama",2020-06-17,0,"2020-04-04","2020-04-30"
"17","Alabama",2020-06-24,0,"2020-04-04","2020-04-30"
"18","Alabama",2020-07-01,0,"2020-04-04","2020-04-30"
"19","Alabama",2020-07-08,0,"2020-04-04","2020-04-30"
"20","Alaska",2020-03-04,0,"2020-03-28","2020-04-24"
"21","Alaska",2020-03-11,0,"2020-03-28","2020-04-24"
"22","Alaska",2020-03-18,0,"2020-03-28","2020-04-24"
"23","Alaska",2020-03-25,1,"2020-03-28","2020-04-24"
"24","Alaska",2020-04-01,1,"2020-03-28","2020-04-24"
"25","Alaska",2020-04-08,1,"2020-03-28","2020-04-24"
"26","Alaska",2020-04-15,1,"2020-03-28","2020-04-24"
"27","Alaska",2020-04-22,0,"2020-03-28","2020-04-24"
"28","Alaska",2020-04-29,0,"2020-03-28","2020-04-24"
"29","Alaska",2020-05-06,0,"2020-03-28","2020-04-24"
"30","Alaska",2020-05-13,0,"2020-03-28","2020-04-24"
"31","Alaska",2020-05-20,0,"2020-03-28","2020-04-24"
"32","Alaska",2020-05-27,0,"2020-03-28","2020-04-24"
"33","Alaska",2020-06-03,0,"2020-03-28","2020-04-24"
"34","Alaska",2020-06-10,0,"2020-03-28","2020-04-24"
"35","Alaska",2020-06-17,0,"2020-03-28","2020-04-24"
"36","Alaska",2020-06-24,0,"2020-03-28","2020-04-24"
"37","Alaska",2020-07-01,0,"2020-03-28","2020-04-24"
"38","Alaska",2020-07-08,0,"2020-03-28","2020-04-24"
"39","Arizona",2020-03-04,0,"2020-03-31","2020-05-15"
"40","Arizona",2020-03-11,0,"2020-03-31","2020-05-15"
"41","Arizona",2020-03-18,0,"2020-03-31","2020-05-15"
"42","Arizona",2020-03-25,0,"2020-03-31","2020-05-15"
"43","Arizona",2020-04-01,1,"2020-03-31","2020-05-15"
"44","Arizona",2020-04-08,1,"2020-03-31","2020-05-15"
"45","Arizona",2020-04-15,1,"2020-03-31","2020-05-15"
"46","Arizona",2020-04-22,1,"2020-03-31","2020-05-15"
"47","Arizona",2020-04-29,1,"2020-03-31","2020-05-15"
"48","Arizona",2020-05-06,1,"2020-03-31","2020-05-15"
"49","Arizona",2020-05-13,0,"2020-03-31","2020-05-15"
"50","Arizona",2020-05-20,0,"2020-03-31","2020-05-15"
"51","Arizona",2020-05-27,0,"2020-03-31","2020-05-15"
"52","Arizona",2020-06-03,0,"2020-03-31","2020-05-15"
"53","Arizona",2020-06-10,0,"2020-03-31","2020-05-15"
"54","Arizona",2020-06-17,0,"2020-03-31","2020-05-15"
"55","Arizona",2020-06-24,0,"2020-03-31","2020-05-15"
"56","Arizona",2020-07-01,0,"2020-03-31","2020-05-15"
"57","Arizona",2020-07-08,0,"2020-03-31","2020-05-15"
"58","Arkansas",2020-03-04,0,NA,NA
"59","Arkansas",2020-03-11,0,NA,NA
"60","Arkansas",2020-03-18,0,NA,NA
"61","Arkansas",2020-03-25,0,NA,NA
"62","Arkansas",2020-04-01,0,NA,NA
"63","Arkansas",2020-04-08,0,NA,NA
"64","Arkansas",2020-04-15,0,NA,NA
"65","Arkansas",2020-04-22,0,NA,NA
"66","Arkansas",2020-04-29,0,NA,NA
"67","Arkansas",2020-05-06,0,NA,NA
"68","Arkansas",2020-05-13,0,NA,NA
"69","Arkansas",2020-05-20,0,NA,NA
"70","Arkansas",2020-05-27,0,NA,NA
"71","Arkansas",2020-06-03,0,NA,NA
"72","Arkansas",2020-06-10,0,NA,NA
"73","Arkansas",2020-06-17,0,NA,NA
"74","Arkansas",2020-06-24,0,NA,NA
"75","Arkansas",2020-07-01,0,NA,NA
"76","Arkansas",2020-07-08,0,NA,NA
"77","California",2020-03-04,0,"2020-03-19","2020-06-01"
"78","California",2020-03-11,0,"2020-03-19","2020-06-01"
"79","California",2020-03-18,1,"2020-03-19","2020-06-01"
"80","California",2020-03-25,1,"2020-03-19","2020-06-01"
"81","California",2020-04-01,1,"2020-03-19","2020-06-01"
"82","California",2020-04-08,1,"2020-03-19","2020-06-01"
"83","California",2020-04-15,1,"2020-03-19","2020-06-01"
"84","California",2020-04-22,1,"2020-03-19","2020-06-01"
"85","California",2020-04-29,1,"2020-03-19","2020-06-01"
"86","California",2020-05-06,1,"2020-03-19","2020-06-01"
"87","California",2020-05-13,1,"2020-03-19","2020-06-01"
"88","California",2020-05-20,1,"2020-03-19","2020-06-01"
"89","California",2020-05-27,1,"2020-03-19","2020-06-01"
"90","California",2020-06-03,0,"2020-03-19","2020-06-01"
"91","California",2020-06-10,0,"2020-03-19","2020-06-01"
"92","California",2020-06-17,0,"2020-03-19","2020-06-01"
"93","California",2020-06-24,0,"2020-03-19","2020-06-01"
"94","California",2020-07-01,0,"2020-03-19","2020-06-01"
"95","California",2020-07-08,0,"2020-03-19","2020-06-01"
"96","Colorado",2020-03-04,0,"2020-03-26","2020-04-26"
"97","Colorado",2020-03-11,0,"2020-03-26","2020-04-26"
"98","Colorado",2020-03-18,0,"2020-03-26","2020-04-26"
"99","Colorado",2020-03-25,1,"2020-03-26","2020-04-26"
"100","Colorado",2020-04-01,1,"2020-03-26","2020-04-26"
"101","Colorado",2020-04-08,1,"2020-03-26","2020-04-26"
"102","Colorado",2020-04-15,1,"2020-03-26","2020-04-26"
"103","Colorado",2020-04-22,1,"2020-03-26","2020-04-26"
"104","Colorado",2020-04-29,0,"2020-03-26","2020-04-26"
"105","Colorado",2020-05-06,0,"2020-03-26","2020-04-26"
"106","Colorado",2020-05-13,0,"2020-03-26","2020-04-26"
"107","Colorado",2020-05-20,0,"2020-03-26","2020-04-26"
"108","Colorado",2020-05-27,0,"2020-03-26","2020-04-26"
"109","Colorado",2020-06-03,0,"2020-03-26","2020-04-26"
"110","Colorado",2020-06-10,0,"2020-03-26","2020-04-26"
"111","Colorado",2020-06-17,0,"2020-03-26","2020-04-26"
"112","Colorado",2020-06-24,0,"2020-03-26","2020-04-26"
"113","Colorado",2020-07-01,0,"2020-03-26","2020-04-26"
"114","Colorado",2020-07-08,0,"2020-03-26","2020-04-26"
"115","Connecticut",2020-03-04,0,"2020-03-23","2020-05-20"
"116","Connecticut",2020-03-11,0,"2020-03-23","2020-05-20"
"117","Connecticut",2020-03-18,0,"2020-03-23","2020-05-20"
"118","Connecticut",2020-03-25,1,"2020-03-23","2020-05-20"
"119","Connecticut",2020-04-01,1,"2020-03-23","2020-05-20"
"120","Connecticut",2020-04-08,1,"2020-03-23","2020-05-20"
"121","Connecticut",2020-04-15,1,"2020-03-23","2020-05-20"
"122","Connecticut",2020-04-22,1,"2020-03-23","2020-05-20"
"123","Connecticut",2020-04-29,1,"2020-03-23","2020-05-20"
"124","Connecticut",2020-05-06,1,"2020-03-23","2020-05-20"
"125","Connecticut",2020-05-13,1,"2020-03-23","2020-05-20"
"126","Connecticut",2020-05-20,0,"2020-03-23","2020-05-20"
"127","Connecticut",2020-05-27,0,"2020-03-23","2020-05-20"
"128","Connecticut",2020-06-03,0,"2020-03-23","2020-05-20"
"129","Connecticut",2020-06-10,0,"2020-03-23","2020-05-20"
"130","Connecticut",2020-06-17,0,"2020-03-23","2020-05-20"
"131","Connecticut",2020-06-24,0,"2020-03-23","2020-05-20"
"132","Connecticut",2020-07-01,0,"2020-03-23","2020-05-20"
"133","Connecticut",2020-07-08,0,"2020-03-23","2020-05-20"
"134","Delaware",2020-03-04,0,"2020-03-24","2020-05-31"
"135","Delaware",2020-03-11,0,"2020-03-24","2020-05-31"
"136","Delaware",2020-03-18,0,"2020-03-24","2020-05-31"
"137","Delaware",2020-03-25,1,"2020-03-24","2020-05-31"
"138","Delaware",2020-04-01,1,"2020-03-24","2020-05-31"
"139","Delaware",2020-04-08,1,"2020-03-24","2020-05-31"
"140","Delaware",2020-04-15,1,"2020-03-24","2020-05-31"
"141","Delaware",2020-04-22,1,"2020-03-24","2020-05-31"
"142","Delaware",2020-04-29,1,"2020-03-24","2020-05-31"
"143","Delaware",2020-05-06,1,"2020-03-24","2020-05-31"
"144","Delaware",2020-05-13,1,"2020-03-24","2020-05-31"
"145","Delaware",2020-05-20,1,"2020-03-24","2020-05-31"
"146","Delaware",2020-05-27,1,"2020-03-24","2020-05-31"
"147","Delaware",2020-06-03,0,"2020-03-24","2020-05-31"
"148","Delaware",2020-06-10,0,"2020-03-24","2020-05-31"
"149","Delaware",2020-06-17,0,"2020-03-24","2020-05-31"
"150","Delaware",2020-06-24,0,"2020-03-24","2020-05-31"
"151","Delaware",2020-07-01,0,"2020-03-24","2020-05-31"
"152","Delaware",2020-07-08,0,"2020-03-24","2020-05-31"
"153","District of Columbia",2020-03-04,0,"2020-04-01","2020-06-08"
"154","District of Columbia",2020-03-11,0,"2020-04-01","2020-06-08"
"155","District of Columbia",2020-03-18,0,"2020-04-01","2020-06-08"
"156","District of Columbia",2020-03-25,0,"2020-04-01","2020-06-08"
"157","District of Columbia",2020-04-01,1,"2020-04-01","2020-06-08"
"158","District of Columbia",2020-04-08,1,"2020-04-01","2020-06-08"
"159","District of Columbia",2020-04-15,1,"2020-04-01","2020-06-08"
"160","District of Columbia",2020-04-22,1,"2020-04-01","2020-06-08"
"161","District of Columbia",2020-04-29,1,"2020-04-01","2020-06-08"
"162","District of Columbia",2020-05-06,1,"2020-04-01","2020-06-08"
"163","District of Columbia",2020-05-13,1,"2020-04-01","2020-06-08"
"164","District of Columbia",2020-05-20,1,"2020-04-01","2020-06-08"
"165","District of Columbia",2020-05-27,1,"2020-04-01","2020-06-08"
"166","District of Columbia",2020-06-03,1,"2020-04-01","2020-06-08"
"167","District of Columbia",2020-06-10,0,"2020-04-01","2020-06-08"
"168","District of Columbia",2020-06-17,0,"2020-04-01","2020-06-08"
"169","District of Columbia",2020-06-24,0,"2020-04-01","2020-06-08"
"170","District of Columbia",2020-07-01,0,"2020-04-01","2020-06-08"
"171","District of Columbia",2020-07-08,0,"2020-04-01","2020-06-08"
"172","Florida",2020-03-04,0,"2020-04-03","2020-05-04"
"173","Florida",2020-03-11,0,"2020-04-03","2020-05-04"
"174","Florida",2020-03-18,0,"2020-04-03","2020-05-04"
"175","Florida",2020-03-25,0,"2020-04-03","2020-05-04"
"176","Florida",2020-04-01,1,"2020-04-03","2020-05-04"
"177","Florida",2020-04-08,1,"2020-04-03","2020-05-04"
"178","Florida",2020-04-15,1,"2020-04-03","2020-05-04"
"179","Florida",2020-04-22,1,"2020-04-03","2020-05-04"
"180","Florida",2020-04-29,1,"2020-04-03","2020-05-04"
"181","Florida",2020-05-06,0,"2020-04-03","2020-05-04"
"182","Florida",2020-05-13,0,"2020-04-03","2020-05-04"
"183","Florida",2020-05-20,0,"2020-04-03","2020-05-04"
"184","Florida",2020-05-27,0,"2020-04-03","2020-05-04"
"185","Florida",2020-06-03,0,"2020-04-03","2020-05-04"
"186","Florida",2020-06-10,0,"2020-04-03","2020-05-04"
"187","Florida",2020-06-17,0,"2020-04-03","2020-05-04"
"188","Florida",2020-06-24,0,"2020-04-03","2020-05-04"
"189","Florida",2020-07-01,0,"2020-04-03","2020-05-04"
"190","Florida",2020-07-08,0,"2020-04-03","2020-05-04"
"191","Georgia",2020-03-04,0,"2020-04-03","2020-04-30"
"192","Georgia",2020-03-11,0,"2020-04-03","2020-04-30"
"193","Georgia",2020-03-18,0,"2020-04-03","2020-04-30"
"194","Georgia",2020-03-25,0,"2020-04-03","2020-04-30"
"195","Georgia",2020-04-01,1,"2020-04-03","2020-04-30"
"196","Georgia",2020-04-08,1,"2020-04-03","2020-04-30"
"197","Georgia",2020-04-15,1,"2020-04-03","2020-04-30"
"198","Georgia",2020-04-22,1,"2020-04-03","2020-04-30"
"199","Georgia",2020-04-29,0,"2020-04-03","2020-04-30"
"200","Georgia",2020-05-06,0,"2020-04-03","2020-04-30"
"201","Georgia",2020-05-13,0,"2020-04-03","2020-04-30"
"202","Georgia",2020-05-20,0,"2020-04-03","2020-04-30"
"203","Georgia",2020-05-27,0,"2020-04-03","2020-04-30"
"204","Georgia",2020-06-03,0,"2020-04-03","2020-04-30"
"205","Georgia",2020-06-10,0,"2020-04-03","2020-04-30"
"206","Georgia",2020-06-17,0,"2020-04-03","2020-04-30"
"207","Georgia",2020-06-24,0,"2020-04-03","2020-04-30"
"208","Georgia",2020-07-01,0,"2020-04-03","2020-04-30"
"209","Georgia",2020-07-08,0,"2020-04-03","2020-04-30"
"210","Hawaii",2020-03-04,0,"2020-03-25","2020-05-31"
"211","Hawaii",2020-03-11,0,"2020-03-25","2020-05-31"
"212","Hawaii",2020-03-18,0,"2020-03-25","2020-05-31"
"213","Hawaii",2020-03-25,1,"2020-03-25","2020-05-31"
"214","Hawaii",2020-04-01,1,"2020-03-25","2020-05-31"
"215","Hawaii",2020-04-08,1,"2020-03-25","2020-05-31"
"216","Hawaii",2020-04-15,1,"2020-03-25","2020-05-31"
"217","Hawaii",2020-04-22,1,"2020-03-25","2020-05-31"
"218","Hawaii",2020-04-29,1,"2020-03-25","2020-05-31"
"219","Hawaii",2020-05-06,1,"2020-03-25","2020-05-31"
"220","Hawaii",2020-05-13,1,"2020-03-25","2020-05-31"
"221","Hawaii",2020-05-20,1,"2020-03-25","2020-05-31"
"222","Hawaii",2020-05-27,1,"2020-03-25","2020-05-31"
"223","Hawaii",2020-06-03,0,"2020-03-25","2020-05-31"
"224","Hawaii",2020-06-10,0,"2020-03-25","2020-05-31"
"225","Hawaii",2020-06-17,0,"2020-03-25","2020-05-31"
"226","Hawaii",2020-06-24,0,"2020-03-25","2020-05-31"
"227","Hawaii",2020-07-01,0,"2020-03-25","2020-05-31"
"228","Hawaii",2020-07-08,0,"2020-03-25","2020-05-31"
"229","Idaho",2020-03-04,0,"2020-03-25","2020-04-30"
"230","Idaho",2020-03-11,0,"2020-03-25","2020-04-30"
"231","Idaho",2020-03-18,0,"2020-03-25","2020-04-30"
"232","Idaho",2020-03-25,1,"2020-03-25","2020-04-30"
"233","Idaho",2020-04-01,1,"2020-03-25","2020-04-30"
"234","Idaho",2020-04-08,1,"2020-03-25","2020-04-30"
"235","Idaho",2020-04-15,1,"2020-03-25","2020-04-30"
"236","Idaho",2020-04-22,1,"2020-03-25","2020-04-30"
"237","Idaho",2020-04-29,0,"2020-03-25","2020-04-30"
"238","Idaho",2020-05-06,0,"2020-03-25","2020-04-30"
"239","Idaho",2020-05-13,0,"2020-03-25","2020-04-30"
"240","Idaho",2020-05-20,0,"2020-03-25","2020-04-30"
"241","Idaho",2020-05-27,0,"2020-03-25","2020-04-30"
"242","Idaho",2020-06-03,0,"2020-03-25","2020-04-30"
"243","Idaho",2020-06-10,0,"2020-03-25","2020-04-30"
"244","Idaho",2020-06-17,0,"2020-03-25","2020-04-30"
"245","Idaho",2020-06-24,0,"2020-03-25","2020-04-30"
"246","Idaho",2020-07-01,0,"2020-03-25","2020-04-30"
"247","Idaho",2020-07-08,0,"2020-03-25","2020-04-30"
"248","Illinois",2020-03-04,0,"2020-03-21","2020-05-29"
"249","Illinois",2020-03-11,0,"2020-03-21","2020-05-29"
"250","Illinois",2020-03-18,1,"2020-03-21","2020-05-29"
"251","Illinois",2020-03-25,1,"2020-03-21","2020-05-29"
"252","Illinois",2020-04-01,1,"2020-03-21","2020-05-29"
"253","Illinois",2020-04-08,1,"2020-03-21","2020-05-29"
"254","Illinois",2020-04-15,1,"2020-03-21","2020-05-29"
"255","Illinois",2020-04-22,1,"2020-03-21","2020-05-29"
"256","Illinois",2020-04-29,1,"2020-03-21","2020-05-29"
"257","Illinois",2020-05-06,1,"2020-03-21","2020-05-29"
"258","Illinois",2020-05-13,1,"2020-03-21","2020-05-29"
"259","Illinois",2020-05-20,1,"2020-03-21","2020-05-29"
"260","Illinois",2020-05-27,0,"2020-03-21","2020-05-29"
"261","Illinois",2020-06-03,0,"2020-03-21","2020-05-29"
"262","Illinois",2020-06-10,0,"2020-03-21","2020-05-29"
"263","Illinois",2020-06-17,0,"2020-03-21","2020-05-29"
"264","Illinois",2020-06-24,0,"2020-03-21","2020-05-29"
"265","Illinois",2020-07-01,0,"2020-03-21","2020-05-29"
"266","Illinois",2020-07-08,0,"2020-03-21","2020-05-29"
"267","Indiana",2020-03-04,0,"2020-03-25","2020-05-04"
"268","Indiana",2020-03-11,0,"2020-03-25","2020-05-04"
"269","Indiana",2020-03-18,0,"2020-03-25","2020-05-04"
"270","Indiana",2020-03-25,1,"2020-03-25","2020-05-04"
"271","Indiana",2020-04-01,1,"2020-03-25","2020-05-04"
"272","Indiana",2020-04-08,1,"2020-03-25","2020-05-04"
"273","Indiana",2020-04-15,1,"2020-03-25","2020-05-04"
"274","Indiana",2020-04-22,1,"2020-03-25","2020-05-04"
"275","Indiana",2020-04-29,1,"2020-03-25","2020-05-04"
"276","Indiana",2020-05-06,0,"2020-03-25","2020-05-04"
"277","Indiana",2020-05-13,0,"2020-03-25","2020-05-04"
"278","Indiana",2020-05-20,0,"2020-03-25","2020-05-04"
"279","Indiana",2020-05-27,0,"2020-03-25","2020-05-04"
"280","Indiana",2020-06-03,0,"2020-03-25","2020-05-04"
"281","Indiana",2020-06-10,0,"2020-03-25","2020-05-04"
"282","Indiana",2020-06-17,0,"2020-03-25","2020-05-04"
"283","Indiana",2020-06-24,0,"2020-03-25","2020-05-04"
"284","Indiana",2020-07-01,0,"2020-03-25","2020-05-04"
"285","Indiana",2020-07-08,0,"2020-03-25","2020-05-04"
"286","Iowa",2020-03-04,0,NA,NA
"287","Iowa",2020-03-11,0,NA,NA
"288","Iowa",2020-03-18,0,NA,NA
"289","Iowa",2020-03-25,0,NA,NA
"290","Iowa",2020-04-01,0,NA,NA
"291","Iowa",2020-04-08,0,NA,NA
"292","Iowa",2020-04-15,0,NA,NA
"293","Iowa",2020-04-22,0,NA,NA
"294","Iowa",2020-04-29,0,NA,NA
"295","Iowa",2020-05-06,0,NA,NA
"296","Iowa",2020-05-13,0,NA,NA
"297","Iowa",2020-05-20,0,NA,NA
"298","Iowa",2020-05-27,0,NA,NA
"299","Iowa",2020-06-03,0,NA,NA
"300","Iowa",2020-06-10,0,NA,NA
"301","Iowa",2020-06-17,0,NA,NA
"302","Iowa",2020-06-24,0,NA,NA
"303","Iowa",2020-07-01,0,NA,NA
"304","Iowa",2020-07-08,0,NA,NA
"305","Kansas",2020-03-04,0,"2020-03-30","2020-05-03"
"306","Kansas",2020-03-11,0,"2020-03-30","2020-05-03"
"307","Kansas",2020-03-18,0,"2020-03-30","2020-05-03"
"308","Kansas",2020-03-25,0,"2020-03-30","2020-05-03"
"309","Kansas",2020-04-01,1,"2020-03-30","2020-05-03"
"310","Kansas",2020-04-08,1,"2020-03-30","2020-05-03"
"311","Kansas",2020-04-15,1,"2020-03-30","2020-05-03"
"312","Kansas",2020-04-22,1,"2020-03-30","2020-05-03"
"313","Kansas",2020-04-29,1,"2020-03-30","2020-05-03"
"314","Kansas",2020-05-06,0,"2020-03-30","2020-05-03"
"315","Kansas",2020-05-13,0,"2020-03-30","2020-05-03"
"316","Kansas",2020-05-20,0,"2020-03-30","2020-05-03"
"317","Kansas",2020-05-27,0,"2020-03-30","2020-05-03"
"318","Kansas",2020-06-03,0,"2020-03-30","2020-05-03"
"319","Kansas",2020-06-10,0,"2020-03-30","2020-05-03"
"320","Kansas",2020-06-17,0,"2020-03-30","2020-05-03"
"321","Kansas",2020-06-24,0,"2020-03-30","2020-05-03"
"322","Kansas",2020-07-01,0,"2020-03-30","2020-05-03"
"323","Kansas",2020-07-08,0,"2020-03-30","2020-05-03"
"324","Kentucky",2020-03-04,0,NA,NA
"325","Kentucky",2020-03-11,0,NA,NA
"326","Kentucky",2020-03-18,0,NA,NA
"327","Kentucky",2020-03-25,0,NA,NA
"328","Kentucky",2020-04-01,0,NA,NA
"329","Kentucky",2020-04-08,0,NA,NA
"330","Kentucky",2020-04-15,0,NA,NA
"331","Kentucky",2020-04-22,0,NA,NA
"332","Kentucky",2020-04-29,0,NA,NA
"333","Kentucky",2020-05-06,0,NA,NA
"334","Kentucky",2020-05-13,0,NA,NA
"335","Kentucky",2020-05-20,0,NA,NA
"336","Kentucky",2020-05-27,0,NA,NA
"337","Kentucky",2020-06-03,0,NA,NA
"338","Kentucky",2020-06-10,0,NA,NA
"339","Kentucky",2020-06-17,0,NA,NA
"340","Kentucky",2020-06-24,0,NA,NA
"341","Kentucky",2020-07-01,0,NA,NA
"342","Kentucky",2020-07-08,0,NA,NA
"343","Louisiana",2020-03-04,0,"2020-03-23","2020-05-15"
"344","Louisiana",2020-03-11,0,"2020-03-23","2020-05-15"
"345","Louisiana",2020-03-18,0,"2020-03-23","2020-05-15"
"346","Louisiana",2020-03-25,1,"2020-03-23","2020-05-15"
"347","Louisiana",2020-04-01,1,"2020-03-23","2020-05-15"
"348","Louisiana",2020-04-08,1,"2020-03-23","2020-05-15"
"349","Louisiana",2020-04-15,1,"2020-03-23","2020-05-15"
"350","Louisiana",2020-04-22,1,"2020-03-23","2020-05-15"
"351","Louisiana",2020-04-29,1,"2020-03-23","2020-05-15"
"352","Louisiana",2020-05-06,1,"2020-03-23","2020-05-15"
"353","Louisiana",2020-05-13,0,"2020-03-23","2020-05-15"
"354","Louisiana",2020-05-20,0,"2020-03-23","2020-05-15"
"355","Louisiana",2020-05-27,0,"2020-03-23","2020-05-15"
"356","Louisiana",2020-06-03,0,"2020-03-23","2020-05-15"
"357","Louisiana",2020-06-10,0,"2020-03-23","2020-05-15"
"358","Louisiana",2020-06-17,0,"2020-03-23","2020-05-15"
"359","Louisiana",2020-06-24,0,"2020-03-23","2020-05-15"
"360","Louisiana",2020-07-01,0,"2020-03-23","2020-05-15"
"361","Louisiana",2020-07-08,0,"2020-03-23","2020-05-15"
"362","Maine",2020-03-04,0,"2020-04-02","2020-05-31"
"363","Maine",2020-03-11,0,"2020-04-02","2020-05-31"
"364","Maine",2020-03-18,0,"2020-04-02","2020-05-31"
"365","Maine",2020-03-25,0,"2020-04-02","2020-05-31"
"366","Maine",2020-04-01,1,"2020-04-02","2020-05-31"
"367","Maine",2020-04-08,1,"2020-04-02","2020-05-31"
"368","Maine",2020-04-15,1,"2020-04-02","2020-05-31"
"369","Maine",2020-04-22,1,"2020-04-02","2020-05-31"
"370","Maine",2020-04-29,1,"2020-04-02","2020-05-31"
"371","Maine",2020-05-06,1,"2020-04-02","2020-05-31"
"372","Maine",2020-05-13,1,"2020-04-02","2020-05-31"
"373","Maine",2020-05-20,1,"2020-04-02","2020-05-31"
"374","Maine",2020-05-27,1,"2020-04-02","2020-05-31"
"375","Maine",2020-06-03,0,"2020-04-02","2020-05-31"
"376","Maine",2020-06-10,0,"2020-04-02","2020-05-31"
"377","Maine",2020-06-17,0,"2020-04-02","2020-05-31"
"378","Maine",2020-06-24,0,"2020-04-02","2020-05-31"
"379","Maine",2020-07-01,0,"2020-04-02","2020-05-31"
"380","Maine",2020-07-08,0,"2020-04-02","2020-05-31"
"381","Maryland",2020-03-04,0,"2020-03-30","2020-05-15"
"382","Maryland",2020-03-11,0,"2020-03-30","2020-05-15"
"383","Maryland",2020-03-18,0,"2020-03-30","2020-05-15"
"384","Maryland",2020-03-25,0,"2020-03-30","2020-05-15"
"385","Maryland",2020-04-01,1,"2020-03-30","2020-05-15"
"386","Maryland",2020-04-08,1,"2020-03-30","2020-05-15"
"387","Maryland",2020-04-15,1,"2020-03-30","2020-05-15"
"388","Maryland",2020-04-22,1,"2020-03-30","2020-05-15"
"389","Maryland",2020-04-29,1,"2020-03-30","2020-05-15"
"390","Maryland",2020-05-06,1,"2020-03-30","2020-05-15"
"391","Maryland",2020-05-13,0,"2020-03-30","2020-05-15"
"392","Maryland",2020-05-20,0,"2020-03-30","2020-05-15"
"393","Maryland",2020-05-27,0,"2020-03-30","2020-05-15"
"394","Maryland",2020-06-03,0,"2020-03-30","2020-05-15"
"395","Maryland",2020-06-10,0,"2020-03-30","2020-05-15"
"396","Maryland",2020-06-17,0,"2020-03-30","2020-05-15"
"397","Maryland",2020-06-24,0,"2020-03-30","2020-05-15"
"398","Maryland",2020-07-01,0,"2020-03-30","2020-05-15"
"399","Maryland",2020-07-08,0,"2020-03-30","2020-05-15"
"400","Massachusetts",2020-03-04,0,"2020-03-24","2020-05-18"
"401","Massachusetts",2020-03-11,0,"2020-03-24","2020-05-18"
"402","Massachusetts",2020-03-18,0,"2020-03-24","2020-05-18"
"403","Massachusetts",2020-03-25,1,"2020-03-24","2020-05-18"
"404","Massachusetts",2020-04-01,1,"2020-03-24","2020-05-18"
"405","Massachusetts",2020-04-08,1,"2020-03-24","2020-05-18"
"406","Massachusetts",2020-04-15,1,"2020-03-24","2020-05-18"
"407","Massachusetts",2020-04-22,1,"2020-03-24","2020-05-18"
"408","Massachusetts",2020-04-29,1,"2020-03-24","2020-05-18"
"409","Massachusetts",2020-05-06,1,"2020-03-24","2020-05-18"
"410","Massachusetts",2020-05-13,1,"2020-03-24","2020-05-18"
"411","Massachusetts",2020-05-20,0,"2020-03-24","2020-05-18"
"412","Massachusetts",2020-05-27,0,"2020-03-24","2020-05-18"
"413","Massachusetts",2020-06-03,0,"2020-03-24","2020-05-18"
"414","Massachusetts",2020-06-10,0,"2020-03-24","2020-05-18"
"415","Massachusetts",2020-06-17,0,"2020-03-24","2020-05-18"
"416","Massachusetts",2020-06-24,0,"2020-03-24","2020-05-18"
"417","Massachusetts",2020-07-01,0,"2020-03-24","2020-05-18"
"418","Massachusetts",2020-07-08,0,"2020-03-24","2020-05-18"
"419","Michigan",2020-03-04,0,"2020-03-24","2020-05-28"
"420","Michigan",2020-03-11,0,"2020-03-24","2020-05-28"
"421","Michigan",2020-03-18,0,"2020-03-24","2020-05-28"
"422","Michigan",2020-03-25,1,"2020-03-24","2020-05-28"
"423","Michigan",2020-04-01,1,"2020-03-24","2020-05-28"
"424","Michigan",2020-04-08,1,"2020-03-24","2020-05-28"
"425","Michigan",2020-04-15,1,"2020-03-24","2020-05-28"
"426","Michigan",2020-04-22,1,"2020-03-24","2020-05-28"
"427","Michigan",2020-04-29,1,"2020-03-24","2020-05-28"
"428","Michigan",2020-05-06,1,"2020-03-24","2020-05-28"
"429","Michigan",2020-05-13,1,"2020-03-24","2020-05-28"
"430","Michigan",2020-05-20,1,"2020-03-24","2020-05-28"
"431","Michigan",2020-05-27,0,"2020-03-24","2020-05-28"
"432","Michigan",2020-06-03,0,"2020-03-24","2020-05-28"
"433","Michigan",2020-06-10,0,"2020-03-24","2020-05-28"
"434","Michigan",2020-06-17,0,"2020-03-24","2020-05-28"
"435","Michigan",2020-06-24,0,"2020-03-24","2020-05-28"
"436","Michigan",2020-07-01,0,"2020-03-24","2020-05-28"
"437","Michigan",2020-07-08,0,"2020-03-24","2020-05-28"
"438","Minnesota",2020-03-04,0,"2020-03-28","2020-05-17"
"439","Minnesota",2020-03-11,0,"2020-03-28","2020-05-17"
"440","Minnesota",2020-03-18,0,"2020-03-28","2020-05-17"
"441","Minnesota",2020-03-25,1,"2020-03-28","2020-05-17"
"442","Minnesota",2020-04-01,1,"2020-03-28","2020-05-17"
"443","Minnesota",2020-04-08,1,"2020-03-28","2020-05-17"
"444","Minnesota",2020-04-15,1,"2020-03-28","2020-05-17"
"445","Minnesota",2020-04-22,1,"2020-03-28","2020-05-17"
"446","Minnesota",2020-04-29,1,"2020-03-28","2020-05-17"
"447","Minnesota",2020-05-06,1,"2020-03-28","2020-05-17"
"448","Minnesota",2020-05-13,1,"2020-03-28","2020-05-17"
"449","Minnesota",2020-05-20,0,"2020-03-28","2020-05-17"
"450","Minnesota",2020-05-27,0,"2020-03-28","2020-05-17"
"451","Minnesota",2020-06-03,0,"2020-03-28","2020-05-17"
"452","Minnesota",2020-06-10,0,"2020-03-28","2020-05-17"
"453","Minnesota",2020-06-17,0,"2020-03-28","2020-05-17"
"454","Minnesota",2020-06-24,0,"2020-03-28","2020-05-17"
"455","Minnesota",2020-07-01,0,"2020-03-28","2020-05-17"
"456","Minnesota",2020-07-08,0,"2020-03-28","2020-05-17"
"457","Mississippi",2020-03-04,0,"2020-04-03","2020-04-27"
"458","Mississippi",2020-03-11,0,"2020-04-03","2020-04-27"
"459","Mississippi",2020-03-18,0,"2020-04-03","2020-04-27"
"460","Mississippi",2020-03-25,0,"2020-04-03","2020-04-27"
"461","Mississippi",2020-04-01,1,"2020-04-03","2020-04-27"
"462","Mississippi",2020-04-08,1,"2020-04-03","2020-04-27"
"463","Mississippi",2020-04-15,1,"2020-04-03","2020-04-27"
"464","Mississippi",2020-04-22,1,"2020-04-03","2020-04-27"
"465","Mississippi",2020-04-29,0,"2020-04-03","2020-04-27"
"466","Mississippi",2020-05-06,0,"2020-04-03","2020-04-27"
"467","Mississippi",2020-05-13,0,"2020-04-03","2020-04-27"
"468","Mississippi",2020-05-20,0,"2020-04-03","2020-04-27"
"469","Mississippi",2020-05-27,0,"2020-04-03","2020-04-27"
"470","Mississippi",2020-06-03,0,"2020-04-03","2020-04-27"
"471","Mississippi",2020-06-10,0,"2020-04-03","2020-04-27"
"472","Mississippi",2020-06-17,0,"2020-04-03","2020-04-27"
"473","Mississippi",2020-06-24,0,"2020-04-03","2020-04-27"
"474","Mississippi",2020-07-01,0,"2020-04-03","2020-04-27"
"475","Mississippi",2020-07-08,0,"2020-04-03","2020-04-27"
"476","Missouri",2020-03-04,0,"2020-04-06","2020-05-03"
"477","Missouri",2020-03-11,0,"2020-04-06","2020-05-03"
"478","Missouri",2020-03-18,0,"2020-04-06","2020-05-03"
"479","Missouri",2020-03-25,0,"2020-04-06","2020-05-03"
"480","Missouri",2020-04-01,0,"2020-04-06","2020-05-03"
"481","Missouri",2020-04-08,1,"2020-04-06","2020-05-03"
"482","Missouri",2020-04-15,1,"2020-04-06","2020-05-03"
"483","Missouri",2020-04-22,1,"2020-04-06","2020-05-03"
"484","Missouri",2020-04-29,1,"2020-04-06","2020-05-03"
"485","Missouri",2020-05-06,0,"2020-04-06","2020-05-03"
"486","Missouri",2020-05-13,0,"2020-04-06","2020-05-03"
"487","Missouri",2020-05-20,0,"2020-04-06","2020-05-03"
"488","Missouri",2020-05-27,0,"2020-04-06","2020-05-03"
"489","Missouri",2020-06-03,0,"2020-04-06","2020-05-03"
"490","Missouri",2020-06-10,0,"2020-04-06","2020-05-03"
"491","Missouri",2020-06-17,0,"2020-04-06","2020-05-03"
"492","Missouri",2020-06-24,0,"2020-04-06","2020-05-03"
"493","Missouri",2020-07-01,0,"2020-04-06","2020-05-03"
"494","Missouri",2020-07-08,0,"2020-04-06","2020-05-03"
"495","Montana",2020-03-04,0,"2020-03-28","2020-04-26"
"496","Montana",2020-03-11,0,"2020-03-28","2020-04-26"
"497","Montana",2020-03-18,0,"2020-03-28","2020-04-26"
"498","Montana",2020-03-25,1,"2020-03-28","2020-04-26"
"499","Montana",2020-04-01,1,"2020-03-28","2020-04-26"
"500","Montana",2020-04-08,1,"2020-03-28","2020-04-26"
"501","Montana",2020-04-15,1,"2020-03-28","2020-04-26"
"502","Montana",2020-04-22,1,"2020-03-28","2020-04-26"
"503","Montana",2020-04-29,0,"2020-03-28","2020-04-26"
"504","Montana",2020-05-06,0,"2020-03-28","2020-04-26"
"505","Montana",2020-05-13,0,"2020-03-28","2020-04-26"
"506","Montana",2020-05-20,0,"2020-03-28","2020-04-26"
"507","Montana",2020-05-27,0,"2020-03-28","2020-04-26"
"508","Montana",2020-06-03,0,"2020-03-28","2020-04-26"
"509","Montana",2020-06-10,0,"2020-03-28","2020-04-26"
"510","Montana",2020-06-17,0,"2020-03-28","2020-04-26"
"511","Montana",2020-06-24,0,"2020-03-28","2020-04-26"
"512","Montana",2020-07-01,0,"2020-03-28","2020-04-26"
"513","Montana",2020-07-08,0,"2020-03-28","2020-04-26"
"514","Nebraska",2020-03-04,0,NA,NA
"515","Nebraska",2020-03-11,0,NA,NA
"516","Nebraska",2020-03-18,0,NA,NA
"517","Nebraska",2020-03-25,0,NA,NA
"518","Nebraska",2020-04-01,0,NA,NA
"519","Nebraska",2020-04-08,0,NA,NA
"520","Nebraska",2020-04-15,0,NA,NA
"521","Nebraska",2020-04-22,0,NA,NA
"522","Nebraska",2020-04-29,0,NA,NA
"523","Nebraska",2020-05-06,0,NA,NA
"524","Nebraska",2020-05-13,0,NA,NA
"525","Nebraska",2020-05-20,0,NA,NA
"526","Nebraska",2020-05-27,0,NA,NA
"527","Nebraska",2020-06-03,0,NA,NA
"528","Nebraska",2020-06-10,0,NA,NA
"529","Nebraska",2020-06-17,0,NA,NA
"530","Nebraska",2020-06-24,0,NA,NA
"531","Nebraska",2020-07-01,0,NA,NA
"532","Nebraska",2020-07-08,0,NA,NA
"533","Nevada",2020-03-04,0,"2020-04-01","2020-05-09"
"534","Nevada",2020-03-11,0,"2020-04-01","2020-05-09"
"535","Nevada",2020-03-18,0,"2020-04-01","2020-05-09"
"536","Nevada",2020-03-25,0,"2020-04-01","2020-05-09"
"537","Nevada",2020-04-01,1,"2020-04-01","2020-05-09"
"538","Nevada",2020-04-08,1,"2020-04-01","2020-05-09"
"539","Nevada",2020-04-15,1,"2020-04-01","2020-05-09"
"540","Nevada",2020-04-22,1,"2020-04-01","2020-05-09"
"541","Nevada",2020-04-29,1,"2020-04-01","2020-05-09"
"542","Nevada",2020-05-06,1,"2020-04-01","2020-05-09"
"543","Nevada",2020-05-13,0,"2020-04-01","2020-05-09"
"544","Nevada",2020-05-20,0,"2020-04-01","2020-05-09"
"545","Nevada",2020-05-27,0,"2020-04-01","2020-05-09"
"546","Nevada",2020-06-03,0,"2020-04-01","2020-05-09"
"547","Nevada",2020-06-10,0,"2020-04-01","2020-05-09"
"548","Nevada",2020-06-17,0,"2020-04-01","2020-05-09"
"549","Nevada",2020-06-24,0,"2020-04-01","2020-05-09"
"550","Nevada",2020-07-01,0,"2020-04-01","2020-05-09"
"551","Nevada",2020-07-08,0,"2020-04-01","2020-05-09"
"552","New Hampshire",2020-03-04,0,"2020-03-28","2020-05-31"
"553","New Hampshire",2020-03-11,0,"2020-03-28","2020-05-31"
"554","New Hampshire",2020-03-18,0,"2020-03-28","2020-05-31"
"555","New Hampshire",2020-03-25,1,"2020-03-28","2020-05-31"
"556","New Hampshire",2020-04-01,1,"2020-03-28","2020-05-31"
"557","New Hampshire",2020-04-08,1,"2020-03-28","2020-05-31"
"558","New Hampshire",2020-04-15,1,"2020-03-28","2020-05-31"
"559","New Hampshire",2020-04-22,1,"2020-03-28","2020-05-31"
"560","New Hampshire",2020-04-29,1,"2020-03-28","2020-05-31"
"561","New Hampshire",2020-05-06,1,"2020-03-28","2020-05-31"
"562","New Hampshire",2020-05-13,1,"2020-03-28","2020-05-31"
"563","New Hampshire",2020-05-20,1,"2020-03-28","2020-05-31"
"564","New Hampshire",2020-05-27,1,"2020-03-28","2020-05-31"
"565","New Hampshire",2020-06-03,0,"2020-03-28","2020-05-31"
"566","New Hampshire",2020-06-10,0,"2020-03-28","2020-05-31"
"567","New Hampshire",2020-06-17,0,"2020-03-28","2020-05-31"
"568","New Hampshire",2020-06-24,0,"2020-03-28","2020-05-31"
"569","New Hampshire",2020-07-01,0,"2020-03-28","2020-05-31"
"570","New Hampshire",2020-07-08,0,"2020-03-28","2020-05-31"
"571","New Jersey",2020-03-04,0,"2020-03-21","2020-06-05"
"572","New Jersey",2020-03-11,0,"2020-03-21","2020-06-05"
"573","New Jersey",2020-03-18,1,"2020-03-21","2020-06-05"
"574","New Jersey",2020-03-25,1,"2020-03-21","2020-06-05"
"575","New Jersey",2020-04-01,1,"2020-03-21","2020-06-05"
"576","New Jersey",2020-04-08,1,"2020-03-21","2020-06-05"
"577","New Jersey",2020-04-15,1,"2020-03-21","2020-06-05"
"578","New Jersey",2020-04-22,1,"2020-03-21","2020-06-05"
"579","New Jersey",2020-04-29,1,"2020-03-21","2020-06-05"
"580","New Jersey",2020-05-06,1,"2020-03-21","2020-06-05"
"581","New Jersey",2020-05-13,1,"2020-03-21","2020-06-05"
"582","New Jersey",2020-05-20,1,"2020-03-21","2020-06-05"
"583","New Jersey",2020-05-27,1,"2020-03-21","2020-06-05"
"584","New Jersey",2020-06-03,0,"2020-03-21","2020-06-05"
"585","New Jersey",2020-06-10,0,"2020-03-21","2020-06-05"
"586","New Jersey",2020-06-17,0,"2020-03-21","2020-06-05"
"587","New Jersey",2020-06-24,0,"2020-03-21","2020-06-05"
"588","New Jersey",2020-07-01,0,"2020-03-21","2020-06-05"
"589","New Jersey",2020-07-08,0,"2020-03-21","2020-06-05"
"590","New Mexico",2020-03-04,0,"2020-03-24","2020-05-31"
"591","New Mexico",2020-03-11,0,"2020-03-24","2020-05-31"
"592","New Mexico",2020-03-18,0,"2020-03-24","2020-05-31"
"593","New Mexico",2020-03-25,1,"2020-03-24","2020-05-31"
"594","New Mexico",2020-04-01,1,"2020-03-24","2020-05-31"
"595","New Mexico",2020-04-08,1,"2020-03-24","2020-05-31"
"596","New Mexico",2020-04-15,1,"2020-03-24","2020-05-31"
"597","New Mexico",2020-04-22,1,"2020-03-24","2020-05-31"
"598","New Mexico",2020-04-29,1,"2020-03-24","2020-05-31"
"599","New Mexico",2020-05-06,1,"2020-03-24","2020-05-31"
"600","New Mexico",2020-05-13,1,"2020-03-24","2020-05-31"
"601","New Mexico",2020-05-20,1,"2020-03-24","2020-05-31"
"602","New Mexico",2020-05-27,1,"2020-03-24","2020-05-31"
"603","New Mexico",2020-06-03,0,"2020-03-24","2020-05-31"
"604","New Mexico",2020-06-10,0,"2020-03-24","2020-05-31"
"605","New Mexico",2020-06-17,0,"2020-03-24","2020-05-31"
"606","New Mexico",2020-06-24,0,"2020-03-24","2020-05-31"
"607","New Mexico",2020-07-01,0,"2020-03-24","2020-05-31"
"608","New Mexico",2020-07-08,0,"2020-03-24","2020-05-31"
"609","New York",2020-03-04,0,"2020-03-22","2020-05-28"
"610","New York",2020-03-11,0,"2020-03-22","2020-05-28"
"611","New York",2020-03-18,0,"2020-03-22","2020-05-28"
"612","New York",2020-03-25,1,"2020-03-22","2020-05-28"
"613","New York",2020-04-01,1,"2020-03-22","2020-05-28"
"614","New York",2020-04-08,1,"2020-03-22","2020-05-28"
"615","New York",2020-04-15,1,"2020-03-22","2020-05-28"
"616","New York",2020-04-22,1,"2020-03-22","2020-05-28"
"617","New York",2020-04-29,1,"2020-03-22","2020-05-28"
"618","New York",2020-05-06,1,"2020-03-22","2020-05-28"
"619","New York",2020-05-13,1,"2020-03-22","2020-05-28"
"620","New York",2020-05-20,1,"2020-03-22","2020-05-28"
"621","New York",2020-05-27,0,"2020-03-22","2020-05-28"
"622","New York",2020-06-03,0,"2020-03-22","2020-05-28"
"623","New York",2020-06-10,0,"2020-03-22","2020-05-28"
"624","New York",2020-06-17,0,"2020-03-22","2020-05-28"
"625","New York",2020-06-24,0,"2020-03-22","2020-05-28"
"626","New York",2020-07-01,0,"2020-03-22","2020-05-28"
"627","New York",2020-07-08,0,"2020-03-22","2020-05-28"
"628","North Carolina",2020-03-04,0,"2020-03-30","2020-05-22"
"629","North Carolina",2020-03-11,0,"2020-03-30","2020-05-22"
"630","North Carolina",2020-03-18,0,"2020-03-30","2020-05-22"
"631","North Carolina",2020-03-25,0,"2020-03-30","2020-05-22"
"632","North Carolina",2020-04-01,1,"2020-03-30","2020-05-22"
"633","North Carolina",2020-04-08,1,"2020-03-30","2020-05-22"
"634","North Carolina",2020-04-15,1,"2020-03-30","2020-05-22"
"635","North Carolina",2020-04-22,1,"2020-03-30","2020-05-22"
"636","North Carolina",2020-04-29,1,"2020-03-30","2020-05-22"
"637","North Carolina",2020-05-06,1,"2020-03-30","2020-05-22"
"638","North Carolina",2020-05-13,1,"2020-03-30","2020-05-22"
"639","North Carolina",2020-05-20,0,"2020-03-30","2020-05-22"
"640","North Carolina",2020-05-27,0,"2020-03-30","2020-05-22"
"641","North Carolina",2020-06-03,0,"2020-03-30","2020-05-22"
"642","North Carolina",2020-06-10,0,"2020-03-30","2020-05-22"
"643","North Carolina",2020-06-17,0,"2020-03-30","2020-05-22"
"644","North Carolina",2020-06-24,0,"2020-03-30","2020-05-22"
"645","North Carolina",2020-07-01,0,"2020-03-30","2020-05-22"
"646","North Carolina",2020-07-08,0,"2020-03-30","2020-05-22"
"647","North Dakota",2020-03-04,0,NA,NA
"648","North Dakota",2020-03-11,0,NA,NA
"649","North Dakota",2020-03-18,0,NA,NA
"650","North Dakota",2020-03-25,0,NA,NA
"651","North Dakota",2020-04-01,0,NA,NA
"652","North Dakota",2020-04-08,0,NA,NA
"653","North Dakota",2020-04-15,0,NA,NA
"654","North Dakota",2020-04-22,0,NA,NA
"655","North Dakota",2020-04-29,0,NA,NA
"656","North Dakota",2020-05-06,0,NA,NA
"657","North Dakota",2020-05-13,0,NA,NA
"658","North Dakota",2020-05-20,0,NA,NA
"659","North Dakota",2020-05-27,0,NA,NA
"660","North Dakota",2020-06-03,0,NA,NA
"661","North Dakota",2020-06-10,0,NA,NA
"662","North Dakota",2020-06-17,0,NA,NA
"663","North Dakota",2020-06-24,0,NA,NA
"664","North Dakota",2020-07-01,0,NA,NA
"665","North Dakota",2020-07-08,0,NA,NA
"666","Ohio",2020-03-04,0,"2020-03-24","2020-05-29"
"667","Ohio",2020-03-11,0,"2020-03-24","2020-05-29"
"668","Ohio",2020-03-18,0,"2020-03-24","2020-05-29"
"669","Ohio",2020-03-25,1,"2020-03-24","2020-05-29"
"670","Ohio",2020-04-01,1,"2020-03-24","2020-05-29"
"671","Ohio",2020-04-08,1,"2020-03-24","2020-05-29"
"672","Ohio",2020-04-15,1,"2020-03-24","2020-05-29"
"673","Ohio",2020-04-22,1,"2020-03-24","2020-05-29"
"674","Ohio",2020-04-29,1,"2020-03-24","2020-05-29"
"675","Ohio",2020-05-06,1,"2020-03-24","2020-05-29"
"676","Ohio",2020-05-13,1,"2020-03-24","2020-05-29"
"677","Ohio",2020-05-20,1,"2020-03-24","2020-05-29"
"678","Ohio",2020-05-27,0,"2020-03-24","2020-05-29"
"679","Ohio",2020-06-03,0,"2020-03-24","2020-05-29"
"680","Ohio",2020-06-10,0,"2020-03-24","2020-05-29"
"681","Ohio",2020-06-17,0,"2020-03-24","2020-05-29"
"682","Ohio",2020-06-24,0,"2020-03-24","2020-05-29"
"683","Ohio",2020-07-01,0,"2020-03-24","2020-05-29"
"684","Ohio",2020-07-08,0,"2020-03-24","2020-05-29"
"685","Oklahoma",2020-03-04,0,"2020-03-25","2020-05-01"
"686","Oklahoma",2020-03-11,0,"2020-03-25","2020-05-01"
"687","Oklahoma",2020-03-18,0,"2020-03-25","2020-05-01"
"688","Oklahoma",2020-03-25,1,"2020-03-25","2020-05-01"
"689","Oklahoma",2020-04-01,1,"2020-03-25","2020-05-01"
"690","Oklahoma",2020-04-08,1,"2020-03-25","2020-05-01"
"691","Oklahoma",2020-04-15,1,"2020-03-25","2020-05-01"
"692","Oklahoma",2020-04-22,1,"2020-03-25","2020-05-01"
"693","Oklahoma",2020-04-29,0,"2020-03-25","2020-05-01"
"694","Oklahoma",2020-05-06,0,"2020-03-25","2020-05-01"
"695","Oklahoma",2020-05-13,0,"2020-03-25","2020-05-01"
"696","Oklahoma",2020-05-20,0,"2020-03-25","2020-05-01"
"697","Oklahoma",2020-05-27,0,"2020-03-25","2020-05-01"
"698","Oklahoma",2020-06-03,0,"2020-03-25","2020-05-01"
"699","Oklahoma",2020-06-10,0,"2020-03-25","2020-05-01"
"700","Oklahoma",2020-06-17,0,"2020-03-25","2020-05-01"
"701","Oklahoma",2020-06-24,0,"2020-03-25","2020-05-01"
"702","Oklahoma",2020-07-01,0,"2020-03-25","2020-05-01"
"703","Oklahoma",2020-07-08,0,"2020-03-25","2020-05-01"
"704","Oregon",2020-03-04,0,"2020-03-23","2020-05-15"
"705","Oregon",2020-03-11,0,"2020-03-23","2020-05-15"
"706","Oregon",2020-03-18,0,"2020-03-23","2020-05-15"
"707","Oregon",2020-03-25,1,"2020-03-23","2020-05-15"
"708","Oregon",2020-04-01,1,"2020-03-23","2020-05-15"
"709","Oregon",2020-04-08,1,"2020-03-23","2020-05-15"
"710","Oregon",2020-04-15,1,"2020-03-23","2020-05-15"
"711","Oregon",2020-04-22,1,"2020-03-23","2020-05-15"
"712","Oregon",2020-04-29,1,"2020-03-23","2020-05-15"
"713","Oregon",2020-05-06,1,"2020-03-23","2020-05-15"
"714","Oregon",2020-05-13,0,"2020-03-23","2020-05-15"
"715","Oregon",2020-05-20,0,"2020-03-23","2020-05-15"
"716","Oregon",2020-05-27,0,"2020-03-23","2020-05-15"
"717","Oregon",2020-06-03,0,"2020-03-23","2020-05-15"
"718","Oregon",2020-06-10,0,"2020-03-23","2020-05-15"
"719","Oregon",2020-06-17,0,"2020-03-23","2020-05-15"
"720","Oregon",2020-06-24,0,"2020-03-23","2020-05-15"
"721","Oregon",2020-07-01,0,"2020-03-23","2020-05-15"
"722","Oregon",2020-07-08,0,"2020-03-23","2020-05-15"
"723","Pennsylvania",2020-03-04,0,"2020-04-01","2020-06-04"
"724","Pennsylvania",2020-03-11,0,"2020-04-01","2020-06-04"
"725","Pennsylvania",2020-03-18,0,"2020-04-01","2020-06-04"
"726","Pennsylvania",2020-03-25,0,"2020-04-01","2020-06-04"
"727","Pennsylvania",2020-04-01,1,"2020-04-01","2020-06-04"
"728","Pennsylvania",2020-04-08,1,"2020-04-01","2020-06-04"
"729","Pennsylvania",2020-04-15,1,"2020-04-01","2020-06-04"
"730","Pennsylvania",2020-04-22,1,"2020-04-01","2020-06-04"
"731","Pennsylvania",2020-04-29,1,"2020-04-01","2020-06-04"
"732","Pennsylvania",2020-05-06,1,"2020-04-01","2020-06-04"
"733","Pennsylvania",2020-05-13,1,"2020-04-01","2020-06-04"
"734","Pennsylvania",2020-05-20,1,"2020-04-01","2020-06-04"
"735","Pennsylvania",2020-05-27,1,"2020-04-01","2020-06-04"
"736","Pennsylvania",2020-06-03,0,"2020-04-01","2020-06-04"
"737","Pennsylvania",2020-06-10,0,"2020-04-01","2020-06-04"
"738","Pennsylvania",2020-06-17,0,"2020-04-01","2020-06-04"
"739","Pennsylvania",2020-06-24,0,"2020-04-01","2020-06-04"
"740","Pennsylvania",2020-07-01,0,"2020-04-01","2020-06-04"
"741","Pennsylvania",2020-07-08,0,"2020-04-01","2020-06-04"
"742","Puerto Rico",2020-03-04,0,"2020-03-15","2020-06-15"
"743","Puerto Rico",2020-03-11,0,"2020-03-15","2020-06-15"
"744","Puerto Rico",2020-03-18,1,"2020-03-15","2020-06-15"
"745","Puerto Rico",2020-03-25,1,"2020-03-15","2020-06-15"
"746","Puerto Rico",2020-04-01,1,"2020-03-15","2020-06-15"
"747","Puerto Rico",2020-04-08,1,"2020-03-15","2020-06-15"
"748","Puerto Rico",2020-04-15,1,"2020-03-15","2020-06-15"
"749","Puerto Rico",2020-04-22,1,"2020-03-15","2020-06-15"
"750","Puerto Rico",2020-04-29,1,"2020-03-15","2020-06-15"
"751","Puerto Rico",2020-05-06,1,"2020-03-15","2020-06-15"
"752","Puerto Rico",2020-05-13,1,"2020-03-15","2020-06-15"
"753","Puerto Rico",2020-05-20,1,"2020-03-15","2020-06-15"
"754","Puerto Rico",2020-05-27,1,"2020-03-15","2020-06-15"
"755","Puerto Rico",2020-06-03,1,"2020-03-15","2020-06-15"
"756","Puerto Rico",2020-06-10,1,"2020-03-15","2020-06-15"
"757","Puerto Rico",2020-06-17,0,"2020-03-15","2020-06-15"
"758","Puerto Rico",2020-06-24,0,"2020-03-15","2020-06-15"
"759","Puerto Rico",2020-07-01,0,"2020-03-15","2020-06-15"
"760","Puerto Rico",2020-07-08,0,"2020-03-15","2020-06-15"
"761","Rhode Island",2020-03-04,0,"2020-03-28","2020-05-08"
"762","Rhode Island",2020-03-11,0,"2020-03-28","2020-05-08"
"763","Rhode Island",2020-03-18,0,"2020-03-28","2020-05-08"
"764","Rhode Island",2020-03-25,1,"2020-03-28","2020-05-08"
"765","Rhode Island",2020-04-01,1,"2020-03-28","2020-05-08"
"766","Rhode Island",2020-04-08,1,"2020-03-28","2020-05-08"
"767","Rhode Island",2020-04-15,1,"2020-03-28","2020-05-08"
"768","Rhode Island",2020-04-22,1,"2020-03-28","2020-05-08"
"769","Rhode Island",2020-04-29,1,"2020-03-28","2020-05-08"
"770","Rhode Island",2020-05-06,0,"2020-03-28","2020-05-08"
"771","Rhode Island",2020-05-13,0,"2020-03-28","2020-05-08"
"772","Rhode Island",2020-05-20,0,"2020-03-28","2020-05-08"
"773","Rhode Island",2020-05-27,0,"2020-03-28","2020-05-08"
"774","Rhode Island",2020-06-03,0,"2020-03-28","2020-05-08"
"775","Rhode Island",2020-06-10,0,"2020-03-28","2020-05-08"
"776","Rhode Island",2020-06-17,0,"2020-03-28","2020-05-08"
"777","Rhode Island",2020-06-24,0,"2020-03-28","2020-05-08"
"778","Rhode Island",2020-07-01,0,"2020-03-28","2020-05-08"
"779","Rhode Island",2020-07-08,0,"2020-03-28","2020-05-08"
"780","South Carolina",2020-03-04,0,"2020-04-07","2020-05-04"
"781","South Carolina",2020-03-11,0,"2020-04-07","2020-05-04"
"782","South Carolina",2020-03-18,0,"2020-04-07","2020-05-04"
"783","South Carolina",2020-03-25,0,"2020-04-07","2020-05-04"
"784","South Carolina",2020-04-01,0,"2020-04-07","2020-05-04"
"785","South Carolina",2020-04-08,1,"2020-04-07","2020-05-04"
"786","South Carolina",2020-04-15,1,"2020-04-07","2020-05-04"
"787","South Carolina",2020-04-22,1,"2020-04-07","2020-05-04"
"788","South Carolina",2020-04-29,1,"2020-04-07","2020-05-04"
"789","South Carolina",2020-05-06,0,"2020-04-07","2020-05-04"
"790","South Carolina",2020-05-13,0,"2020-04-07","2020-05-04"
"791","South Carolina",2020-05-20,0,"2020-04-07","2020-05-04"
"792","South Carolina",2020-05-27,0,"2020-04-07","2020-05-04"
"793","South Carolina",2020-06-03,0,"2020-04-07","2020-05-04"
"794","South Carolina",2020-06-10,0,"2020-04-07","2020-05-04"
"795","South Carolina",2020-06-17,0,"2020-04-07","2020-05-04"
"796","South Carolina",2020-06-24,0,"2020-04-07","2020-05-04"
"797","South Carolina",2020-07-01,0,"2020-04-07","2020-05-04"
"798","South Carolina",2020-07-08,0,"2020-04-07","2020-05-04"
"799","South Dakota",2020-03-04,0,NA,NA
"800","South Dakota",2020-03-11,0,NA,NA
"801","South Dakota",2020-03-18,0,NA,NA
"802","South Dakota",2020-03-25,0,NA,NA
"803","South Dakota",2020-04-01,0,NA,NA
"804","South Dakota",2020-04-08,0,NA,NA
"805","South Dakota",2020-04-15,0,NA,NA
"806","South Dakota",2020-04-22,0,NA,NA
"807","South Dakota",2020-04-29,0,NA,NA
"808","South Dakota",2020-05-06,0,NA,NA
"809","South Dakota",2020-05-13,0,NA,NA
"810","South Dakota",2020-05-20,0,NA,NA
"811","South Dakota",2020-05-27,0,NA,NA
"812","South Dakota",2020-06-03,0,NA,NA
"813","South Dakota",2020-06-10,0,NA,NA
"814","South Dakota",2020-06-17,0,NA,NA
"815","South Dakota",2020-06-24,0,NA,NA
"816","South Dakota",2020-07-01,0,NA,NA
"817","South Dakota",2020-07-08,0,NA,NA
"818","Tennessee",2020-03-04,0,"2020-03-31","2020-04-30"
"819","Tennessee",2020-03-11,0,"2020-03-31","2020-04-30"
"820","Tennessee",2020-03-18,0,"2020-03-31","2020-04-30"
"821","Tennessee",2020-03-25,0,"2020-03-31","2020-04-30"
"822","Tennessee",2020-04-01,1,"2020-03-31","2020-04-30"
"823","Tennessee",2020-04-08,1,"2020-03-31","2020-04-30"
"824","Tennessee",2020-04-15,1,"2020-03-31","2020-04-30"
"825","Tennessee",2020-04-22,1,"2020-03-31","2020-04-30"
"826","Tennessee",2020-04-29,0,"2020-03-31","2020-04-30"
"827","Tennessee",2020-05-06,0,"2020-03-31","2020-04-30"
"828","Tennessee",2020-05-13,0,"2020-03-31","2020-04-30"
"829","Tennessee",2020-05-20,0,"2020-03-31","2020-04-30"
"830","Tennessee",2020-05-27,0,"2020-03-31","2020-04-30"
"831","Tennessee",2020-06-03,0,"2020-03-31","2020-04-30"
"832","Tennessee",2020-06-10,0,"2020-03-31","2020-04-30"
"833","Tennessee",2020-06-17,0,"2020-03-31","2020-04-30"
"834","Tennessee",2020-06-24,0,"2020-03-31","2020-04-30"
"835","Tennessee",2020-07-01,0,"2020-03-31","2020-04-30"
"836","Tennessee",2020-07-08,0,"2020-03-31","2020-04-30"
"837","Texas",2020-03-04,0,"2020-04-02","2020-04-30"
"838","Texas",2020-03-11,0,"2020-04-02","2020-04-30"
"839","Texas",2020-03-18,0,"2020-04-02","2020-04-30"
"840","Texas",2020-03-25,0,"2020-04-02","2020-04-30"
"841","Texas",2020-04-01,1,"2020-04-02","2020-04-30"
"842","Texas",2020-04-08,1,"2020-04-02","2020-04-30"
"843","Texas",2020-04-15,1,"2020-04-02","2020-04-30"
"844","Texas",2020-04-22,1,"2020-04-02","2020-04-30"
"845","Texas",2020-04-29,0,"2020-04-02","2020-04-30"
"846","Texas",2020-05-06,0,"2020-04-02","2020-04-30"
"847","Texas",2020-05-13,0,"2020-04-02","2020-04-30"
"848","Texas",2020-05-20,0,"2020-04-02","2020-04-30"
"849","Texas",2020-05-27,0,"2020-04-02","2020-04-30"
"850","Texas",2020-06-03,0,"2020-04-02","2020-04-30"
"851","Texas",2020-06-10,0,"2020-04-02","2020-04-30"
"852","Texas",2020-06-17,0,"2020-04-02","2020-04-30"
"853","Texas",2020-06-24,0,"2020-04-02","2020-04-30"
"854","Texas",2020-07-01,0,"2020-04-02","2020-04-30"
"855","Texas",2020-07-08,0,"2020-04-02","2020-04-30"
"856","Utah",2020-03-04,0,"2020-03-27","2020-05-01"
"857","Utah",2020-03-11,0,"2020-03-27","2020-05-01"
"858","Utah",2020-03-18,0,"2020-03-27","2020-05-01"
"859","Utah",2020-03-25,1,"2020-03-27","2020-05-01"
"860","Utah",2020-04-01,1,"2020-03-27","2020-05-01"
"861","Utah",2020-04-08,1,"2020-03-27","2020-05-01"
"862","Utah",2020-04-15,1,"2020-03-27","2020-05-01"
"863","Utah",2020-04-22,1,"2020-03-27","2020-05-01"
"864","Utah",2020-04-29,0,"2020-03-27","2020-05-01"
"865","Utah",2020-05-06,0,"2020-03-27","2020-05-01"
"866","Utah",2020-05-13,0,"2020-03-27","2020-05-01"
"867","Utah",2020-05-20,0,"2020-03-27","2020-05-01"
"868","Utah",2020-05-27,0,"2020-03-27","2020-05-01"
"869","Utah",2020-06-03,0,"2020-03-27","2020-05-01"
"870","Utah",2020-06-10,0,"2020-03-27","2020-05-01"
"871","Utah",2020-06-17,0,"2020-03-27","2020-05-01"
"872","Utah",2020-06-24,0,"2020-03-27","2020-05-01"
"873","Utah",2020-07-01,0,"2020-03-27","2020-05-01"
"874","Utah",2020-07-08,0,"2020-03-27","2020-05-01"
"875","Vermont",2020-03-04,0,"2020-03-25","2020-05-15"
"876","Vermont",2020-03-11,0,"2020-03-25","2020-05-15"
"877","Vermont",2020-03-18,0,"2020-03-25","2020-05-15"
"878","Vermont",2020-03-25,1,"2020-03-25","2020-05-15"
"879","Vermont",2020-04-01,1,"2020-03-25","2020-05-15"
"880","Vermont",2020-04-08,1,"2020-03-25","2020-05-15"
"881","Vermont",2020-04-15,1,"2020-03-25","2020-05-15"
"882","Vermont",2020-04-22,1,"2020-03-25","2020-05-15"
"883","Vermont",2020-04-29,1,"2020-03-25","2020-05-15"
"884","Vermont",2020-05-06,1,"2020-03-25","2020-05-15"
"885","Vermont",2020-05-13,0,"2020-03-25","2020-05-15"
"886","Vermont",2020-05-20,0,"2020-03-25","2020-05-15"
"887","Vermont",2020-05-27,0,"2020-03-25","2020-05-15"
"888","Vermont",2020-06-03,0,"2020-03-25","2020-05-15"
"889","Vermont",2020-06-10,0,"2020-03-25","2020-05-15"
"890","Vermont",2020-06-17,0,"2020-03-25","2020-05-15"
"891","Vermont",2020-06-24,0,"2020-03-25","2020-05-15"
"892","Vermont",2020-07-01,0,"2020-03-25","2020-05-15"
"893","Vermont",2020-07-08,0,"2020-03-25","2020-05-15"
"894","Virginia",2020-03-04,0,"2020-03-30","2020-06-10"
"895","Virginia",2020-03-11,0,"2020-03-30","2020-06-10"
"896","Virginia",2020-03-18,0,"2020-03-30","2020-06-10"
"897","Virginia",2020-03-25,0,"2020-03-30","2020-06-10"
"898","Virginia",2020-04-01,1,"2020-03-30","2020-06-10"
"899","Virginia",2020-04-08,1,"2020-03-30","2020-06-10"
"900","Virginia",2020-04-15,1,"2020-03-30","2020-06-10"
"901","Virginia",2020-04-22,1,"2020-03-30","2020-06-10"
"902","Virginia",2020-04-29,1,"2020-03-30","2020-06-10"
"903","Virginia",2020-05-06,1,"2020-03-30","2020-06-10"
"904","Virginia",2020-05-13,1,"2020-03-30","2020-06-10"
"905","Virginia",2020-05-20,1,"2020-03-30","2020-06-10"
"906","Virginia",2020-05-27,1,"2020-03-30","2020-06-10"
"907","Virginia",2020-06-03,1,"2020-03-30","2020-06-10"
"908","Virginia",2020-06-10,0,"2020-03-30","2020-06-10"
"909","Virginia",2020-06-17,0,"2020-03-30","2020-06-10"
"910","Virginia",2020-06-24,0,"2020-03-30","2020-06-10"
"911","Virginia",2020-07-01,0,"2020-03-30","2020-06-10"
"912","Virginia",2020-07-08,0,"2020-03-30","2020-06-10"
"913","Washington",2020-03-04,0,"2020-03-23","2020-05-31"
"914","Washington",2020-03-11,0,"2020-03-23","2020-05-31"
"915","Washington",2020-03-18,0,"2020-03-23","2020-05-31"
"916","Washington",2020-03-25,1,"2020-03-23","2020-05-31"
"917","Washington",2020-04-01,1,"2020-03-23","2020-05-31"
"918","Washington",2020-04-08,1,"2020-03-23","2020-05-31"
"919","Washington",2020-04-15,1,"2020-03-23","2020-05-31"
"920","Washington",2020-04-22,1,"2020-03-23","2020-05-31"
"921","Washington",2020-04-29,1,"2020-03-23","2020-05-31"
"922","Washington",2020-05-06,1,"2020-03-23","2020-05-31"
"923","Washington",2020-05-13,1,"2020-03-23","2020-05-31"
"924","Washington",2020-05-20,1,"2020-03-23","2020-05-31"
"925","Washington",2020-05-27,1,"2020-03-23","2020-05-31"
"926","Washington",2020-06-03,0,"2020-03-23","2020-05-31"
"927","Washington",2020-06-10,0,"2020-03-23","2020-05-31"
"928","Washington",2020-06-17,0,"2020-03-23","2020-05-31"
"929","Washington",2020-06-24,0,"2020-03-23","2020-05-31"
"930","Washington",2020-07-01,0,"2020-03-23","2020-05-31"
"931","Washington",2020-07-08,0,"2020-03-23","2020-05-31"
"932","West Virginia",2020-03-04,0,"2020-03-24","2020-05-03"
"933","West Virginia",2020-03-11,0,"2020-03-24","2020-05-03"
"934","West Virginia",2020-03-18,0,"2020-03-24","2020-05-03"
"935","West Virginia",2020-03-25,1,"2020-03-24","2020-05-03"
"936","West Virginia",2020-04-01,1,"2020-03-24","2020-05-03"
"937","West Virginia",2020-04-08,1,"2020-03-24","2020-05-03"
"938","West Virginia",2020-04-15,1,"2020-03-24","2020-05-03"
"939","West Virginia",2020-04-22,1,"2020-03-24","2020-05-03"
"940","West Virginia",2020-04-29,1,"2020-03-24","2020-05-03"
"941","West Virginia",2020-05-06,0,"2020-03-24","2020-05-03"
"942","West Virginia",2020-05-13,0,"2020-03-24","2020-05-03"
"943","West Virginia",2020-05-20,0,"2020-03-24","2020-05-03"
"944","West Virginia",2020-05-27,0,"2020-03-24","2020-05-03"
"945","West Virginia",2020-06-03,0,"2020-03-24","2020-05-03"
"946","West Virginia",2020-06-10,0,"2020-03-24","2020-05-03"
"947","West Virginia",2020-06-17,0,"2020-03-24","2020-05-03"
"948","West Virginia",2020-06-24,0,"2020-03-24","2020-05-03"
"949","West Virginia",2020-07-01,0,"2020-03-24","2020-05-03"
"950","West Virginia",2020-07-08,0,"2020-03-24","2020-05-03"
"951","Wisconsin",2020-03-04,0,"2020-03-25","2020-05-13"
"952","Wisconsin",2020-03-11,0,"2020-03-25","2020-05-13"
"953","Wisconsin",2020-03-18,0,"2020-03-25","2020-05-13"
"954","Wisconsin",2020-03-25,1,"2020-03-25","2020-05-13"
"955","Wisconsin",2020-04-01,1,"2020-03-25","2020-05-13"
"956","Wisconsin",2020-04-08,1,"2020-03-25","2020-05-13"
"957","Wisconsin",2020-04-15,1,"2020-03-25","2020-05-13"
"958","Wisconsin",2020-04-22,1,"2020-03-25","2020-05-13"
"959","Wisconsin",2020-04-29,1,"2020-03-25","2020-05-13"
"960","Wisconsin",2020-05-06,1,"2020-03-25","2020-05-13"
"961","Wisconsin",2020-05-13,0,"2020-03-25","2020-05-13"
"962","Wisconsin",2020-05-20,0,"2020-03-25","2020-05-13"
"963","Wisconsin",2020-05-27,0,"2020-03-25","2020-05-13"
"964","Wisconsin",2020-06-03,0,"2020-03-25","2020-05-13"
"965","Wisconsin",2020-06-10,0,"2020-03-25","2020-05-13"
"966","Wisconsin",2020-06-17,0,"2020-03-25","2020-05-13"
"967","Wisconsin",2020-06-24,0,"2020-03-25","2020-05-13"
"968","Wisconsin",2020-07-01,0,"2020-03-25","2020-05-13"
"969","Wisconsin",2020-07-08,0,"2020-03-25","2020-05-13"
"970","Wyoming",2020-03-04,0,"2020-03-28","2020-05-01"
"971","Wyoming",2020-03-11,0,"2020-03-28","2020-05-01"
"972","Wyoming",2020-03-18,0,"2020-03-28","2020-05-01"
"973","Wyoming",2020-03-25,1,"2020-03-28","2020-05-01"
"974","Wyoming",2020-04-01,1,"2020-03-28","2020-05-01"
"975","Wyoming",2020-04-08,1,"2020-03-28","2020-05-01"
"976","Wyoming",2020-04-15,1,"2020-03-28","2020-05-01"
"977","Wyoming",2020-04-22,1,"2020-03-28","2020-05-01"
"978","Wyoming",2020-04-29,0,"2020-03-28","2020-05-01"
"979","Wyoming",2020-05-06,0,"2020-03-28","2020-05-01"
"980","Wyoming",2020-05-13,0,"2020-03-28","2020-05-01"
"981","Wyoming",2020-05-20,0,"2020-03-28","2020-05-01"
"982","Wyoming",2020-05-27,0,"2020-03-28","2020-05-01"
"983","Wyoming",2020-06-03,0,"2020-03-28","2020-05-01"
"984","Wyoming",2020-06-10,0,"2020-03-28","2020-05-01"
"985","Wyoming",2020-06-17,0,"2020-03-28","2020-05-01"
"986","Wyoming",2020-06-24,0,"2020-03-28","2020-05-01"
"987","Wyoming",2020-07-01,0,"2020-03-28","2020-05-01"
"988","Wyoming",2020-07-08,0,"2020-03-28","2020-05-01"
